<?xml version="1.0" encoding="UTF-8"?>
<project-private xmlns="http://www.netbeans.org/ns/project-private/1">
    <editor-bookmarks xmlns="http://www.netbeans.org/ns/editor-bookmarks/2" lastBookmarkId="0"/>
    <open-files xmlns="http://www.netbeans.org/ns/projectui-open-files/2">
        <group>
            <file>file:/C:/Users/ANA/Desktop/ps%20nastavnici/okt2020Zajednicki/src/domen/Korisnik.java</file>
            <file>file:/C:/Users/ANA/Desktop/ps%20nastavnici/okt2020Zajednicki/src/domen/Predmet.java</file>
            <file>file:/C:/Users/ANA/Desktop/ps%20nastavnici/okt2020Zajednicki/src/domen/StudijskiProgram.java</file>
            <file>file:/C:/Users/ANA/Desktop/ps%20nastavnici/okt2020Zajednicki/src/domen/Nastavnik.java</file>
        </group>
    </open-files>
</project-private>
